-- seed.sql — начальные данные ОКНА CRM для D1. Генерируется из buildSeed (data.js).
-- Накатывать ПОСЛЕ schema.sql. Раздел A — справочники (нужны всегда),
-- раздел B — демо-данные (компания, сотрудники с паролями, клиенты, склад, сделки).
PRAGMA foreign_keys = ON;

-- ============ A. СПРАВОЧНИКИ ============
INSERT INTO roles(id,name,sort) VALUES ('director','Директор',0);
INSERT INTO roles(id,name,sort) VALUES ('manager','Менеджер',1);
INSERT INTO roles(id,name,sort) VALUES ('surveyor','Замерщик',2);
INSERT INTO roles(id,name,sort) VALUES ('production','Производство',3);
INSERT INTO roles(id,name,sort) VALUES ('warehouse','Склад',4);
INSERT INTO modules(id,name,sort) VALUES ('dashboard','Дашборд',0);
INSERT INTO modules(id,name,sort) VALUES ('funnel','Воронка',1);
INSERT INTO modules(id,name,sort) VALUES ('clients','Клиенты',2);
INSERT INTO modules(id,name,sort) VALUES ('measure','Замер и КП',3);
INSERT INTO modules(id,name,sort) VALUES ('warehouse','Склад',4);
INSERT INTO modules(id,name,sort) VALUES ('production','Производство',5);
INSERT INTO modules(id,name,sort) VALUES ('finance','Финансы',6);
INSERT INTO modules(id,name,sort) VALUES ('settings','Настройки',7);
INSERT INTO module_roles(module_id,role_id) VALUES ('dashboard','director');
INSERT INTO module_roles(module_id,role_id) VALUES ('dashboard','manager');
INSERT INTO module_roles(module_id,role_id) VALUES ('funnel','director');
INSERT INTO module_roles(module_id,role_id) VALUES ('funnel','manager');
INSERT INTO module_roles(module_id,role_id) VALUES ('clients','director');
INSERT INTO module_roles(module_id,role_id) VALUES ('clients','manager');
INSERT INTO module_roles(module_id,role_id) VALUES ('measure','director');
INSERT INTO module_roles(module_id,role_id) VALUES ('measure','manager');
INSERT INTO module_roles(module_id,role_id) VALUES ('measure','surveyor');
INSERT INTO module_roles(module_id,role_id) VALUES ('warehouse','director');
INSERT INTO module_roles(module_id,role_id) VALUES ('warehouse','manager');
INSERT INTO module_roles(module_id,role_id) VALUES ('warehouse','warehouse');
INSERT INTO module_roles(module_id,role_id) VALUES ('warehouse','production');
INSERT INTO module_roles(module_id,role_id) VALUES ('production','director');
INSERT INTO module_roles(module_id,role_id) VALUES ('production','production');
INSERT INTO module_roles(module_id,role_id) VALUES ('production','warehouse');
INSERT INTO module_roles(module_id,role_id) VALUES ('production','surveyor');
INSERT INTO module_roles(module_id,role_id) VALUES ('finance','director');
INSERT INTO module_roles(module_id,role_id) VALUES ('finance','manager');
INSERT INTO module_roles(module_id,role_id) VALUES ('settings','director');
INSERT INTO client_types(id,name) VALUES ('individual','Физ. лицо'),('company','Юр. лицо');
INSERT INTO lead_sources(id,name,sort) VALUES ('instagram','Instagram',0);
INSERT INTO lead_sources(id,name,sort) VALUES ('2gis','2GIS',1);
INSERT INTO lead_sources(id,name,sort) VALUES ('site','Сайт',2);
INSERT INTO lead_sources(id,name,sort) VALUES ('referral','Рекомендация',3);
INSERT INTO lead_sources(id,name,sort) VALUES ('billboard','Билборд',4);
INSERT INTO lead_sources(id,name,sort) VALUES ('call','Звонок',5);
INSERT INTO deal_stages(id,name,color,sort) VALUES ('lead','Новый лид','#64748b',0);
INSERT INTO deal_stages(id,name,color,sort) VALUES ('measure','Замер','#0891b2',1);
INSERT INTO deal_stages(id,name,color,sort) VALUES ('calc','Расчёт / КП','#7c3aed',2);
INSERT INTO deal_stages(id,name,color,sort) VALUES ('contract','Договор','#2563eb',3);
INSERT INTO deal_stages(id,name,color,sort) VALUES ('prepaid','Аванс','#d97706',4);
INSERT INTO deal_stages(id,name,color,sort) VALUES ('production','Производство','#db2777',5);
INSERT INTO deal_stages(id,name,color,sort) VALUES ('install','Монтаж','#0d9488',6);
INSERT INTO deal_stages(id,name,color,sort) VALUES ('done','Выполнено','#16a34a',7);
INSERT INTO prod_stages(id,name,sort) VALUES ('queue','Очередь',0);
INSERT INTO prod_stages(id,name,sort) VALUES ('cutting','Резка профиля',1);
INSERT INTO prod_stages(id,name,sort) VALUES ('glass','Стеклопакет',2);
INSERT INTO prod_stages(id,name,sort) VALUES ('assembly','Сборка',3);
INSERT INTO prod_stages(id,name,sort) VALUES ('ready','Готово к монтажу',4);
INSERT INTO prod_stages(id,name,sort) VALUES ('installing','Монтаж',5);
INSERT INTO material_types(id,name) VALUES ('pvc','ПВХ'),('aluminum','Алюминий');
INSERT INTO material_series(id,name,sort) VALUES ('economy','Эконом',0),('medium','Средняя',1),('premium','Премиум',2);
INSERT INTO glass_types(id,name,rate,sort) VALUES ('g1','Однокамерный 24мм',3500,0),('g2','Двухкамерный 32мм',5200,1),('g3','Энергосбер. мультифункц. 40мм',7800,2);
INSERT INTO openings(id,name,rate,sort) VALUES ('deaf','Глухое',0,0),('turn','Поворотное',4000,1),('tilt','Поворотно-откидное',7500,2);
INSERT INTO extras(id,name,price,per,sort) VALUES ('mosquito','Москитная сетка',6500,'шт',0),('sill','Подоконник',4500,'м',1),('ebb','Отлив',3200,'м',2),('slopes','Откосы',1500,'периметр',3),('mount','Монтаж',8000,'шт',4),('demount','Демонтаж старого',3000,'шт',5);
INSERT INTO payment_types(id,name) VALUES ('advance','Аванс'),('surcharge','Доплата');
INSERT INTO payable_statuses(id,name) VALUES ('await','ожидает'),('overdue','просрочено'),('paid','оплачено');
INSERT INTO activity_kinds(id,name) VALUES ('money','Оплата'),('measure','Замер'),('funnel','Воронка'),('prod','Производство'),('lead','Лид'),('wh','Склад');

-- ============ B. ДЕМО-ДАННЫЕ ============
INSERT INTO company(id,name,legal,city,phone,workshop,revenue_year) VALUES ('main','Ocean Glass','ОсОО «Ocean Glass»','Ош','+996 995 031 003','цех 8 человек · 3 сборщика · бригада монтажа','≈ 1 млн $/год');
INSERT INTO users(id,name,email,password_hash,role_id,title,is_primary) VALUES ('u_isk','Исхак Сапаров','director@okna.kz','pbkdf2$100000$EQVwy6e1Q5qmVHpTuspE_w$ggqLqpSEeDyvNcaqK6JAWBqYO7Cyoj9xnoyHYdEAAlU','director','Директор',1);
INSERT INTO users(id,name,email,password_hash,role_id,title,is_primary) VALUES ('u_pm','Платон Цай','manager@okna.kz','pbkdf2$100000$DhHsl0FTjdQSQfG8DbupmQ$tJVjr1gmjhiq6Hy_O3OuNJm1yEKg_fmYyiop6D9ORZQ','manager','Менеджер по продажам',1);
INSERT INTO users(id,name,email,password_hash,role_id,title,is_primary) VALUES ('u_ps','Данияр Оспанов','surveyor@okna.kz','pbkdf2$100000$ZqnVvOzHLskhqCSfBxgRdg$nfwTluUolRExKQz6N3U2obxZ7Qk0ofJy6dqWGozzrPk','surveyor','Замерщик',1);
INSERT INTO users(id,name,email,password_hash,role_id,title,is_primary) VALUES ('u_as','Бауыржан Омаров','assembler@okna.kz','pbkdf2$100000$YUX5ku3TNgI6TSohkfD2mg$PQ1HHyfa3CLQ9sbGMccMAZDk8KEOfk-WKEY-AAvjkC8','production','Сборщик',0);
INSERT INTO users(id,name,email,password_hash,role_id,title,is_primary) VALUES ('u_wh','Марат Ким','warehouse@okna.kz','pbkdf2$100000$zwS-jLoIQ834DEIENDrz-w$KUISa5nnKEPXf3nWJiuu_pOg8wGB_EpGsX8TLpcr3SY','warehouse','Завсклад',0);
INSERT INTO materials(id,name,type_id,series_id,rate,stock,min_stock,unit,supplier) VALUES ('m1','Montblanc Grace','pvc','economy',7800,640,300,'пог.м','Профиль-Маркет');
INSERT INTO materials(id,name,type_id,series_id,rate,stock,min_stock,unit,supplier) VALUES ('m2','Rehau Blitz 60','pvc','economy',8500,210,300,'пог.м','Rehau KZ');
INSERT INTO materials(id,name,type_id,series_id,rate,stock,min_stock,unit,supplier) VALUES ('m3','KBE Эталон 58','pvc','medium',11000,480,250,'пог.м','profine KZ');
INSERT INTO materials(id,name,type_id,series_id,rate,stock,min_stock,unit,supplier) VALUES ('m4','Rehau Grazio 70','pvc','medium',12000,355,250,'пог.м','Rehau KZ');
INSERT INTO materials(id,name,type_id,series_id,rate,stock,min_stock,unit,supplier) VALUES ('m5','Veka Softline 70','pvc','premium',16500,120,150,'пог.м','Veka Урал');
INSERT INTO materials(id,name,type_id,series_id,rate,stock,min_stock,unit,supplier) VALUES ('m6','Rehau Geneo 86','pvc','premium',18500,90,120,'пог.м','Rehau KZ');
INSERT INTO materials(id,name,type_id,series_id,rate,stock,min_stock,unit,supplier) VALUES ('m7','Provedal P400','aluminum','economy',9500,300,200,'пог.м','Алютех-КЗ');
INSERT INTO materials(id,name,type_id,series_id,rate,stock,min_stock,unit,supplier) VALUES ('m8','Alutech W62','aluminum','medium',16000,175,150,'пог.м','Алютех-КЗ');
INSERT INTO materials(id,name,type_id,series_id,rate,stock,min_stock,unit,supplier) VALUES ('m9','Alutech ALT W72','aluminum','premium',22000,60,100,'пог.м','Алютех-КЗ');
INSERT INTO materials(id,name,type_id,series_id,rate,stock,min_stock,unit,supplier) VALUES ('m10','Schüco AWS 75','aluminum','premium',28000,42,80,'пог.м','Schüco Москва');
INSERT INTO components(id,name,stock,min_stock,unit) VALUES ('c1','Стеклопакет однокам. 24мм',85,40,'м²');
INSERT INTO components(id,name,stock,min_stock,unit) VALUES ('c2','Стеклопакет двухкам. 32мм',62,50,'м²');
INSERT INTO components(id,name,stock,min_stock,unit) VALUES ('c3','Стеклопакет энергосбер. 40мм',28,40,'м²');
INSERT INTO components(id,name,stock,min_stock,unit) VALUES ('c4','Фурнитура MACO поворотная',120,60,'компл');
INSERT INTO components(id,name,stock,min_stock,unit) VALUES ('c5','Фурнитура MACO пов.-откидная',34,50,'компл');
INSERT INTO components(id,name,stock,min_stock,unit) VALUES ('c6','Москитная сетка',95,40,'шт');
INSERT INTO components(id,name,stock,min_stock,unit) VALUES ('c7','Подоконник Danke (бел.)',210,80,'пог.м');
INSERT INTO components(id,name,stock,min_stock,unit) VALUES ('c8','Отлив оцинков. 150мм',18,60,'пог.м');
INSERT INTO clients(id,name,phone,address,type_id) VALUES ('cl1','Айгуль Нурланова','+7 705 318 22 41','Ош, ул. Абая 102','individual');
INSERT INTO clients(id,name,phone,address,type_id) VALUES ('cl2','Сергей Войтенко','+7 701 442 16 09','Ош, мкр. Юбилейный 14','individual');
INSERT INTO clients(id,name,phone,address,type_id) VALUES ('cl3','Гульмира Ахметова','+7 747 905 73 28','Ош, ул. Тарана 58','individual');
INSERT INTO clients(id,name,phone,address,type_id) VALUES ('cl4','ТОО «СтройДом»','+7 7142 39 11 70','Ош, пр. Аль-Фараби 119','company');
INSERT INTO clients(id,name,phone,address,type_id) VALUES ('cl5','Дмитрий Лебедев','+7 708 221 88 14','Рудный, ул. Ленина 22','individual');
INSERT INTO clients(id,name,phone,address,type_id) VALUES ('cl6','Бекзат Сулейменов','+7 702 660 41 33','Ош, ул. Гоголя 77','individual');
INSERT INTO clients(id,name,phone,address,type_id) VALUES ('cl7','Оксана Журавлёва','+7 705 119 30 52','Ош, мкр. Наурыз 6','individual');
INSERT INTO clients(id,name,phone,address,type_id) VALUES ('cl8','Канат Жумабеков','+7 747 503 27 18','Лисаковск, ул. Мира 9','individual');
INSERT INTO clients(id,name,phone,address,type_id) VALUES ('cl9','ИП Морозова','+7 701 884 55 02','Ош, ул. Баймагамбетова 195','company');
INSERT INTO clients(id,name,phone,address,type_id) VALUES ('cl10','Алексей Петров','+7 708 770 14 63','Ош, ул. Чехова 121','individual');
INSERT INTO clients(id,name,phone,address,type_id) VALUES ('cl11','Жанна Калиева','+7 705 222 90 47','Ош, мкр. Береке 31','individual');
INSERT INTO clients(id,name,phone,address,type_id) VALUES ('cl12','ОО «Школа №7»','+7 7142 54 22 18','Ош, ул. Маяковского 5','company');
INSERT INTO deals(id,client_id,stage_id,manager_id,source_id,prod_stage_id,sum,note,hot,discount,prepay_pct,stage_since,created_at) VALUES ('d1','cl1','lead','u_pm','instagram',NULL,0,'Окна на балкон, 2 шт',1,0,30,'2026-05-28T11:00:00.000Z','2026-05-28T11:00:00.000Z');
INSERT INTO deals(id,client_id,stage_id,manager_id,source_id,prod_stage_id,sum,note,hot,discount,prepay_pct,stage_since,created_at) VALUES ('d2','cl2','lead','u_pm','2gis',NULL,0,'Замена 3 окон, хрущёвка',0,0,30,'2026-05-27T11:00:00.000Z','2026-05-27T11:00:00.000Z');
INSERT INTO deals(id,client_id,stage_id,manager_id,source_id,prod_stage_id,sum,note,hot,discount,prepay_pct,stage_since,created_at) VALUES ('d3','cl5','lead','u_isk','site',NULL,0,'Частный дом, 8 окон + дверь',1,0,30,'2026-05-26T11:00:00.000Z','2026-05-26T11:00:00.000Z');
INSERT INTO deals(id,client_id,stage_id,manager_id,source_id,prod_stage_id,sum,note,hot,discount,prepay_pct,stage_since,created_at) VALUES ('d4','cl3','measure','u_pm','referral',NULL,0,'Замер назначен на завтра, 10:00',0,0,30,'2026-05-28T11:00:00.000Z','2026-05-24T11:00:00.000Z');
INSERT INTO deal_items(id,deal_id,profile_id,glass_id,opening_id,w,h,sashes,qty,sort) VALUES ('d4_i1','d4','m4','g2','tilt',1300,1400,2,1,0);
INSERT INTO deal_item_extras(item_id,extra_id) VALUES ('d4_i1','mosquito');
INSERT INTO deal_item_extras(item_id,extra_id) VALUES ('d4_i1','sill');
INSERT INTO deal_item_extras(item_id,extra_id) VALUES ('d4_i1','slopes');
INSERT INTO deal_items(id,deal_id,profile_id,glass_id,opening_id,w,h,sashes,qty,sort) VALUES ('d4_i2','d4','m4','g2','turn',900,1400,1,1,1);
INSERT INTO deal_item_extras(item_id,extra_id) VALUES ('d4_i2','sill');
INSERT INTO deals(id,client_id,stage_id,manager_id,source_id,prod_stage_id,sum,note,hot,discount,prepay_pct,stage_since,created_at) VALUES ('d5','cl6','measure','u_pm','billboard',NULL,0,'Выехать на замер, лоджия 6м',0,0,30,'2026-05-27T11:00:00.000Z','2026-05-25T11:00:00.000Z');
INSERT INTO deal_items(id,deal_id,profile_id,glass_id,opening_id,w,h,sashes,qty,sort) VALUES ('d5_i1','d5','m3','g2','tilt',2400,1500,3,1,0);
INSERT INTO deal_item_extras(item_id,extra_id) VALUES ('d5_i1','sill');
INSERT INTO deal_item_extras(item_id,extra_id) VALUES ('d5_i1','slopes');
INSERT INTO deal_item_extras(item_id,extra_id) VALUES ('d5_i1','mount');
INSERT INTO deals(id,client_id,stage_id,manager_id,source_id,prod_stage_id,sum,note,hot,discount,prepay_pct,stage_since,created_at) VALUES ('d6','cl9','calc','u_isk','call',NULL,430000,'Готовим КП, премиум серия',0,0,30,'2026-05-27T11:00:00.000Z','2026-05-21T11:00:00.000Z');
INSERT INTO deal_items(id,deal_id,profile_id,glass_id,opening_id,w,h,sashes,qty,sort) VALUES ('d6_i1','d6','m6','g3','tilt',1500,1500,2,1,0);
INSERT INTO deal_item_extras(item_id,extra_id) VALUES ('d6_i1','sill');
INSERT INTO deal_item_extras(item_id,extra_id) VALUES ('d6_i1','slopes');
INSERT INTO deal_item_extras(item_id,extra_id) VALUES ('d6_i1','mount');
INSERT INTO deal_item_extras(item_id,extra_id) VALUES ('d6_i1','demount');
INSERT INTO deal_items(id,deal_id,profile_id,glass_id,opening_id,w,h,sashes,qty,sort) VALUES ('d6_i2','d6','m6','g3','tilt',1500,1500,2,1,1);
INSERT INTO deal_item_extras(item_id,extra_id) VALUES ('d6_i2','sill');
INSERT INTO deal_item_extras(item_id,extra_id) VALUES ('d6_i2','slopes');
INSERT INTO deal_item_extras(item_id,extra_id) VALUES ('d6_i2','mount');
INSERT INTO deals(id,client_id,stage_id,manager_id,source_id,prod_stage_id,sum,note,hot,discount,prepay_pct,stage_since,created_at) VALUES ('d7','cl7','calc','u_pm','instagram',NULL,285000,'КП отправлено, ждём ответ',0,0,30,'2026-05-28T11:00:00.000Z','2026-05-22T11:00:00.000Z');
INSERT INTO deal_items(id,deal_id,profile_id,glass_id,opening_id,w,h,sashes,qty,sort) VALUES ('d7_i1','d7','m3','g2','tilt',1400,1400,2,1,0);
INSERT INTO deal_item_extras(item_id,extra_id) VALUES ('d7_i1','mosquito');
INSERT INTO deal_item_extras(item_id,extra_id) VALUES ('d7_i1','sill');
INSERT INTO deal_item_extras(item_id,extra_id) VALUES ('d7_i1','slopes');
INSERT INTO deal_item_extras(item_id,extra_id) VALUES ('d7_i1','mount');
INSERT INTO deals(id,client_id,stage_id,manager_id,source_id,prod_stage_id,sum,note,hot,discount,prepay_pct,stage_since,created_at) VALUES ('d8','cl10','contract','u_pm','2gis',NULL,512000,'Согласование договора',0,0,30,'2026-05-27T11:00:00.000Z','2026-05-18T11:00:00.000Z');
INSERT INTO deal_items(id,deal_id,profile_id,glass_id,opening_id,w,h,sashes,qty,sort) VALUES ('d8_i1','d8','m4','g2','tilt',1600,1500,2,1,0);
INSERT INTO deal_item_extras(item_id,extra_id) VALUES ('d8_i1','sill');
INSERT INTO deal_item_extras(item_id,extra_id) VALUES ('d8_i1','slopes');
INSERT INTO deal_item_extras(item_id,extra_id) VALUES ('d8_i1','mount');
INSERT INTO deal_items(id,deal_id,profile_id,glass_id,opening_id,w,h,sashes,qty,sort) VALUES ('d8_i2','d8','m4','g2','turn',700,1400,1,1,1);
INSERT INTO deal_item_extras(item_id,extra_id) VALUES ('d8_i2','sill');
INSERT INTO deal_item_extras(item_id,extra_id) VALUES ('d8_i2','mount');
INSERT INTO deals(id,client_id,stage_id,manager_id,source_id,prod_stage_id,sum,note,hot,discount,prepay_pct,stage_since,created_at) VALUES ('d9','cl4','prepaid','u_isk','site',NULL,1850000,'Объект ТОО, аванс 50%',0,0,30,'2026-05-26T11:00:00.000Z','2026-05-13T11:00:00.000Z');
INSERT INTO deal_items(id,deal_id,profile_id,glass_id,opening_id,w,h,sashes,qty,sort) VALUES ('d9_i1','d9','m8','g3','tilt',1800,2100,2,1,0);
INSERT INTO deal_item_extras(item_id,extra_id) VALUES ('d9_i1','mount');
INSERT INTO deal_item_extras(item_id,extra_id) VALUES ('d9_i1','demount');
INSERT INTO deal_items(id,deal_id,profile_id,glass_id,opening_id,w,h,sashes,qty,sort) VALUES ('d9_i2','d9','m8','g3','tilt',1800,2100,2,1,1);
INSERT INTO deal_item_extras(item_id,extra_id) VALUES ('d9_i2','mount');
INSERT INTO deal_item_extras(item_id,extra_id) VALUES ('d9_i2','demount');
INSERT INTO deal_items(id,deal_id,profile_id,glass_id,opening_id,w,h,sashes,qty,sort) VALUES ('d9_i3','d9','m8','g3','turn',1200,2100,1,1,2);
INSERT INTO deal_item_extras(item_id,extra_id) VALUES ('d9_i3','mount');
INSERT INTO payments(id,deal_id,type_id,amount,date) VALUES ('d9_p1','d9','advance',925000,'2026-05-26T11:00:00.000Z');
INSERT INTO deals(id,client_id,stage_id,manager_id,source_id,prod_stage_id,sum,note,hot,discount,prepay_pct,stage_since,created_at) VALUES ('d10','cl11','prepaid','u_pm','referral',NULL,368000,'Аванс 30% получен',0,0,30,'2026-05-28T11:00:00.000Z','2026-05-20T11:00:00.000Z');
INSERT INTO deal_items(id,deal_id,profile_id,glass_id,opening_id,w,h,sashes,qty,sort) VALUES ('d10_i1','d10','m3','g2','tilt',1300,1400,2,1,0);
INSERT INTO deal_item_extras(item_id,extra_id) VALUES ('d10_i1','mosquito');
INSERT INTO deal_item_extras(item_id,extra_id) VALUES ('d10_i1','sill');
INSERT INTO deal_item_extras(item_id,extra_id) VALUES ('d10_i1','slopes');
INSERT INTO deal_item_extras(item_id,extra_id) VALUES ('d10_i1','mount');
INSERT INTO payments(id,deal_id,type_id,amount,date) VALUES ('d10_p1','d10','advance',110000,'2026-05-28T11:00:00.000Z');
INSERT INTO deals(id,client_id,stage_id,manager_id,source_id,prod_stage_id,sum,note,hot,discount,prepay_pct,stage_since,created_at) VALUES ('d11','cl8','production','u_isk','billboard','assembly',740000,'В сборке, срок 3 дня',0,0,30,'2026-05-24T11:00:00.000Z','2026-05-09T11:00:00.000Z');
INSERT INTO deal_items(id,deal_id,profile_id,glass_id,opening_id,w,h,sashes,qty,sort) VALUES ('d11_i1','d11','m5','g3','tilt',1500,1500,2,1,0);
INSERT INTO deal_item_extras(item_id,extra_id) VALUES ('d11_i1','sill');
INSERT INTO deal_item_extras(item_id,extra_id) VALUES ('d11_i1','slopes');
INSERT INTO deal_item_extras(item_id,extra_id) VALUES ('d11_i1','mount');
INSERT INTO deal_items(id,deal_id,profile_id,glass_id,opening_id,w,h,sashes,qty,sort) VALUES ('d11_i2','d11','m5','g3','tilt',1500,1500,2,1,1);
INSERT INTO deal_item_extras(item_id,extra_id) VALUES ('d11_i2','sill');
INSERT INTO deal_item_extras(item_id,extra_id) VALUES ('d11_i2','slopes');
INSERT INTO deal_item_extras(item_id,extra_id) VALUES ('d11_i2','mount');
INSERT INTO payments(id,deal_id,type_id,amount,date) VALUES ('d11_p1','d11','advance',370000,'2026-05-24T11:00:00.000Z');
INSERT INTO deals(id,client_id,stage_id,manager_id,source_id,prod_stage_id,sum,note,hot,discount,prepay_pct,stage_since,created_at) VALUES ('d12','cl12','production','u_isk','call','glass',2380000,'Гос. объект, 24 окна',0,0,30,'2026-05-23T11:00:00.000Z','2026-05-05T11:00:00.000Z');
INSERT INTO deal_items(id,deal_id,profile_id,glass_id,opening_id,w,h,sashes,qty,sort) VALUES ('d12_i1','d12','m3','g2','tilt',1500,1800,2,1,0);
INSERT INTO deal_item_extras(item_id,extra_id) VALUES ('d12_i1','mount');
INSERT INTO deal_item_extras(item_id,extra_id) VALUES ('d12_i1','demount');
INSERT INTO payments(id,deal_id,type_id,amount,date) VALUES ('d12_p1','d12','advance',1428000,'2026-05-23T11:00:00.000Z');
INSERT INTO deals(id,client_id,stage_id,manager_id,source_id,prod_stage_id,sum,note,hot,discount,prepay_pct,stage_since,created_at) VALUES ('d13','cl1','install','u_pm','instagram','installing',295000,'Монтаж сегодня',0,0,30,'2026-05-27T11:00:00.000Z','2026-05-03T11:00:00.000Z');
INSERT INTO deal_items(id,deal_id,profile_id,glass_id,opening_id,w,h,sashes,qty,sort) VALUES ('d13_i1','d13','m4','g2','tilt',1400,1400,2,1,0);
INSERT INTO deal_item_extras(item_id,extra_id) VALUES ('d13_i1','sill');
INSERT INTO deal_item_extras(item_id,extra_id) VALUES ('d13_i1','slopes');
INSERT INTO deal_item_extras(item_id,extra_id) VALUES ('d13_i1','mount');
INSERT INTO payments(id,deal_id,type_id,amount,date) VALUES ('d13_p1','d13','advance',150000,'2026-05-21T11:00:00.000Z');
INSERT INTO deals(id,client_id,stage_id,manager_id,source_id,prod_stage_id,sum,note,hot,discount,prepay_pct,stage_since,created_at) VALUES ('d14','cl5','done','u_isk','2gis','installing',1240000,'Сдан, остаток оплаты',0,0,30,'2026-05-22T11:00:00.000Z','2026-04-19T11:00:00.000Z');
INSERT INTO deal_items(id,deal_id,profile_id,glass_id,opening_id,w,h,sashes,qty,sort) VALUES ('d14_i1','d14','m9','g3','tilt',1600,1700,2,1,0);
INSERT INTO deal_item_extras(item_id,extra_id) VALUES ('d14_i1','sill');
INSERT INTO deal_item_extras(item_id,extra_id) VALUES ('d14_i1','slopes');
INSERT INTO deal_item_extras(item_id,extra_id) VALUES ('d14_i1','mount');
INSERT INTO deal_item_extras(item_id,extra_id) VALUES ('d14_i1','demount');
INSERT INTO payments(id,deal_id,type_id,amount,date) VALUES ('d14_p1','d14','advance',620000,'2026-05-09T11:00:00.000Z');
INSERT INTO payments(id,deal_id,type_id,amount,date) VALUES ('d14_p2','d14','surcharge',400000,'2026-05-24T11:00:00.000Z');
INSERT INTO deals(id,client_id,stage_id,manager_id,source_id,prod_stage_id,sum,note,hot,discount,prepay_pct,stage_since,created_at) VALUES ('d15','cl3','done','u_pm','site','installing',486000,'Закрыт полностью',0,0,30,'2026-05-19T11:00:00.000Z','2026-04-25T11:00:00.000Z');
INSERT INTO deal_items(id,deal_id,profile_id,glass_id,opening_id,w,h,sashes,qty,sort) VALUES ('d15_i1','d15','m4','g2','tilt',1500,1500,2,1,0);
INSERT INTO deal_item_extras(item_id,extra_id) VALUES ('d15_i1','sill');
INSERT INTO deal_item_extras(item_id,extra_id) VALUES ('d15_i1','slopes');
INSERT INTO deal_item_extras(item_id,extra_id) VALUES ('d15_i1','mount');
INSERT INTO payments(id,deal_id,type_id,amount,date) VALUES ('d15_p1','d15','advance',243000,'2026-05-11T11:00:00.000Z');
INSERT INTO payments(id,deal_id,type_id,amount,date) VALUES ('d15_p2','d15','surcharge',243000,'2026-05-25T11:00:00.000Z');
INSERT INTO payables(id,supplier,for_what,amount,due,status_id) VALUES ('pay1','Rehau KZ','Профиль Geneo/Grazio',1250000,'2026-06-04T11:00:00.000Z','await');
INSERT INTO payables(id,supplier,for_what,amount,due,status_id) VALUES ('pay2','Алютех-КЗ','Профиль W62/W72',680000,'2026-05-31T11:00:00.000Z','await');
INSERT INTO payables(id,supplier,for_what,amount,due,status_id) VALUES ('pay3','Стеклопакет-Сервис','Стеклопакеты (партия)',540000,'2026-05-26T11:00:00.000Z','overdue');
INSERT INTO payables(id,supplier,for_what,amount,due,status_id) VALUES ('pay4','MACO KZ','Фурнитура',320000,'2026-06-10T11:00:00.000Z','await');
INSERT INTO payables(id,supplier,for_what,amount,due,status_id) VALUES ('pay5','Аренда цеха','Аренда, май',450000,'2026-05-30T11:00:00.000Z','await');
INSERT INTO activity(id,user_id,text,kind_id,at) VALUES ('a1','u_pm','Принял предоплату 110 000 сом по сделке «Жанна Калиева»','money','2026-05-28T11:00:00.000Z');
INSERT INTO activity(id,user_id,text,kind_id,at) VALUES ('a2','u_ps','Завершил замер по адресу ул. Тарана 58','measure','2026-05-28T11:00:00.000Z');
INSERT INTO activity(id,user_id,text,kind_id,at) VALUES ('a3','u_isk','Сделка ТОО «СтройДом» переведена в «Аванс»','funnel','2026-05-26T11:00:00.000Z');
INSERT INTO activity(id,user_id,text,kind_id,at) VALUES ('a4','u_as','Заказ «Канат Жумабеков» переведён в «Сборка»','prod','2026-05-27T11:00:00.000Z');
INSERT INTO activity(id,user_id,text,kind_id,at) VALUES ('a5','u_pm','Новый лид из Instagram — Айгуль Нурланова','lead','2026-05-28T11:00:00.000Z');

-- Движения склада (журнал прихода/расхода)
INSERT INTO warehouse_movements(id,kind,item_id,name,unit,dir,type,qty,reason,balance_after,deal_id,user_id,at) VALUES ('wm_seed1','mat','m4','Rehau Grazio 70','пог.м','in','receipt',200,'Поставка Rehau KZ',355,NULL,'u_wh','2026-04-19T10:00:00.000Z');
INSERT INTO warehouse_movements(id,kind,item_id,name,unit,dir,type,qty,reason,balance_after,deal_id,user_id,at) VALUES ('wm_seed2','comp','c2','Стеклопакет двухкам. 32мм','м²','in','receipt',40,'Поставка Стеклопакет-Сервис',62,NULL,'u_wh','2026-05-11T10:00:00.000Z');
INSERT INTO warehouse_movements(id,kind,item_id,name,unit,dir,type,qty,reason,balance_after,deal_id,user_id,at) VALUES ('wm_seed3','mat','m5','Veka Softline 70','пог.м','out','production',48,'В производство — Бекзат Сулейменов',120,'d11','u_as','2026-05-23T14:00:00.000Z');
INSERT INTO warehouse_movements(id,kind,item_id,name,unit,dir,type,qty,reason,balance_after,deal_id,user_id,at) VALUES ('wm_seed4','comp','c5','Фурнитура MACO пов.-откидная','компл','out','writeoff',2,'Брак при сборке',34,NULL,'u_as','2026-05-26T11:00:00.000Z');
INSERT INTO warehouse_movements(id,kind,item_id,name,unit,dir,type,qty,reason,balance_after,deal_id,user_id,at) VALUES ('wm_seed5','comp','c8','Отлив оцинков. 150мм','пог.м','out','return',6,'Возврат поставщику — пересорт',18,NULL,'u_wh','2026-05-28T09:00:00.000Z');

-- WhatsApp: демо-переписка (двусторонний чат)
INSERT INTO wa_messages(id,chat_id,client_id,direction,text,sender_name,status,ts,at) VALUES ('wamsg_d1','77053182241@c.us','cl1','in','Здравствуйте! Сколько будет стоить остеклить балкон 3 метра?','Айгуль',NULL,1748500200,'2026-05-29T09:30:00.000Z');
INSERT INTO wa_messages(id,chat_id,client_id,direction,text,sender_name,status,ts,at) VALUES ('wamsg_d2','77053182241@c.us','cl1','out','Айгуль, здравствуйте! Это Ocean Glass. Ориентировочно от 180 000 сом, точнее посчитаем на замере. Когда удобно?','Менеджер','read',1748500800,'2026-05-29T09:40:00.000Z');
INSERT INTO wa_messages(id,chat_id,client_id,direction,text,sender_name,status,ts,at) VALUES ('wamsg_d3','77053182241@c.us','cl1','in','Давайте завтра после обеда','Айгуль',NULL,1748501400,'2026-05-29T09:50:00.000Z');
INSERT INTO wa_messages(id,chat_id,client_id,direction,text,sender_name,status,ts,at) VALUES ('wamsg_d4','77053182241@c.us','cl1','out','Отлично, записал замерщика на завтра 14:00. Пришлю КП сразу после замера.','Менеджер','delivered',1748501700,'2026-05-29T09:55:00.000Z');
INSERT INTO wa_messages(id,chat_id,client_id,direction,text,sender_name,status,ts,at) VALUES ('wamsg_e1','77142391170@c.us','cl4','in','Добрый день! По объекту — когда планируете монтаж?','СтройДом',NULL,1748430600,'2026-05-28T11:10:00.000Z');
INSERT INTO wa_messages(id,chat_id,client_id,direction,text,sender_name,status,ts,at) VALUES ('wamsg_e2','77142391170@c.us','cl4','out','Здравствуйте! Аванс получили, профиль уже в цеху. Монтаж ориентировочно через 10 дней — подтвердим точную дату.','Менеджер','read',1748431200,'2026-05-28T11:20:00.000Z');
INSERT INTO wa_messages(id,chat_id,client_id,direction,text,sender_name,status,ts,at) VALUES ('wamsg_e3','77142391170@c.us','cl4','in','Отлично, ждём!','СтройДом',NULL,1748431500,'2026-05-28T11:25:00.000Z');

-- Задачи / напоминания по сделкам
INSERT INTO tasks(id,deal_id,title,due,assignee_id,done) VALUES ('t_seed1','d1','Перезвонить по остеклению балкона','2026-05-28T11:00:00.000Z','u_pm',0);
INSERT INTO tasks(id,deal_id,title,due,assignee_id,done) VALUES ('t_seed2','d4','Выехать на замер, 10:00','2026-05-29T11:00:00.000Z','u_ps',0);
INSERT INTO tasks(id,deal_id,title,due,assignee_id,done) VALUES ('t_seed3','d6','Отправить КП клиенту','2026-05-31T11:00:00.000Z','u_isk',0);
INSERT INTO tasks(id,deal_id,title,due,assignee_id,done) VALUES ('t_seed4','d8','Согласовать договор','2026-05-30T11:00:00.000Z','u_pm',0);
INSERT INTO tasks(id,deal_id,title,due,assignee_id,done) VALUES ('t_seed5','d2','Уточнить размеры проёмов','2026-05-27T11:00:00.000Z','u_pm',1);
